<?xml version="1.0" encoding="UTF-8"?>
<!DOCTYPE Repository PUBLIC "-//The Apache Software Foundation//DTD Jackrabbit 1.2//EN" "http://jackrabbit.apache.org/dtd/repository-1.2.dtd">
<!--
  
  WARNING: cqfs is not free for commercial use. See License.txt in the cqfs-{version}.jar.
  Cqfs is free for test and development.
  
  In order to use cqfs you will need to add the cqfs-{version}.jar and cqfs-jackrabbit-{version}.jar
  to WEB-INF/lib. These jars are no more included in the magnolia distribution since version 2.2.
  
-->
<Repository>
  <FileSystem class="org.apache.jackrabbit.core.fs.local.LocalFileSystem">
    <param name="path" value="${rep.home}/repository" />
  </FileSystem>
  <Security appName="Jackrabbit">
    <AccessManager class="org.apache.jackrabbit.core.security.SimpleAccessManager"></AccessManager>
    <LoginModule class="org.apache.jackrabbit.core.security.SimpleLoginModule">
      <param name="anonymousId" value="anonymous" />
    </LoginModule>
  </Security>
  <Workspaces rootPath="${rep.home}/workspaces" defaultWorkspace="default" />
  <Workspace name="default">
    <FileSystem class="com.day.jackrabbit.fs.cq.CQFileSystem">
      <param name="path" value="${wsp.home}/default.dat" />
      <param name="autoRepair" value="false" />
      <param name="blockSize" value="128" />
      <param name="autoSync" value="true" />
    </FileSystem>
    <PersistenceManager class="org.apache.jackrabbit.core.state.obj.ObjectPersistenceManager" />
  </Workspace>
  <Versioning rootPath="${rep.home}/version">
    <FileSystem class="com.day.jackrabbit.fs.cq.CQFileSystem">
      <param name="path" value="${rep.home}/workspaces/version.dat" />
      <param name="autoRepair" value="false" />
      <param name="blockSize" value="128" />
      <param name="autoSync" value="true" />
    </FileSystem>
    <PersistenceManager class="org.apache.jackrabbit.core.state.obj.ObjectPersistenceManager" />
  </Versioning>
</Repository>
