<?xml version="1.0" encoding="UTF-8"?>
<!DOCTYPE Repository PUBLIC "-//The Apache Software Foundation//DTD Jackrabbit 1.2//EN" "http://jackrabbit.apache.org/dtd/repository-1.2.dtd">
<Repository>
  <FileSystem class="org.apache.jackrabbit.core.fs.local.LocalFileSystem">
    <param name="path" value="${rep.home}/repository" />
  </FileSystem>
  <Security appName="Jackrabbit">
    <AccessManager class="org.apache.jackrabbit.core.security.SimpleAccessManager"></AccessManager>
    <LoginModule class="org.apache.jackrabbit.core.security.SimpleLoginModule">
      <param name="anonymousId" value="anonymous" />
    </LoginModule>
  </Security>
  <Workspaces rootPath="${rep.home}/workspaces" defaultWorkspace="default" />
  <Workspace name="default">
    <FileSystem class="org.apache.jackrabbit.core.fs.local.LocalFileSystem">
      <param name="path" value="${wsp.home}/default" />
    </FileSystem>
    <PersistenceManager class="org.apache.jackrabbit.core.state.db.DerbyPersistenceManager">
      <param name="url" value="jdbc:derby:${wsp.home}/db;create=true" />
      <param name="schemaObjectPrefix" value="${wsp.name}_" />
    </PersistenceManager>
  </Workspace>
  <Versioning rootPath="${rep.home}/version">
    <FileSystem class="org.apache.jackrabbit.core.fs.local.LocalFileSystem">
      <param name="path" value="${rep.home}/workspaces/version" />
    </FileSystem>
    <PersistenceManager class="org.apache.jackrabbit.core.state.db.DerbyPersistenceManager">
      <param name="url" value="jdbc:derby:${rep.home}/version/db;create=true" />
      <param name="schemaObjectPrefix" value="version_" />
    </PersistenceManager>
  </Versioning>
</Repository>
