<?xml version="1.0" encoding="UTF-8"?>
<!DOCTYPE Repository PUBLIC "-//The Apache Software Foundation//DTD Jackrabbit 1.2//EN" "http://jackrabbit.apache.org/dtd/repository-1.2.dtd">
<!--
  TESTING-ONLY configuration!
  repositories are in memory only and any change is lost upon restart
-->
<Repository>
  <FileSystem class="org.apache.jackrabbit.core.fs.local.LocalFileSystem">
    <param name="path" value="${rep.home}/repository" />
  </FileSystem>
  <Security appName="Jackrabbit">
    <AccessManager class="org.apache.jackrabbit.core.security.SimpleAccessManager"></AccessManager>
    <LoginModule class="org.apache.jackrabbit.core.security.SimpleLoginModule">
      <param name="anonymousId" value="anonymous" />
    </LoginModule>
  </Security>
  <Workspaces rootPath="${rep.home}/workspaces" defaultWorkspace="default" />
  <Workspace name="default">
    <FileSystem class="org.apache.jackrabbit.core.fs.local.LocalFileSystem">
      <param name="path" value="${wsp.home}/default" />
    </FileSystem>
    <PersistenceManager class="org.apache.jackrabbit.core.state.mem.InMemPersistenceManager">
      <param name="initialCapacity" value="100000" />
      <param name="loadFactor" value="0.3" />
      <param name="persistent" value="false" />
    </PersistenceManager>
    <SearchIndex class="org.apache.jackrabbit.core.query.lucene.SearchIndex">
      <param name="path" value="${wsp.home}/index" />
      <param name="useCompoundFile" value="true" />
      <param name="minMergeDocs" value="100" />
      <param name="volatileIdleTime" value="3" />
      <param name="maxMergeDocs" value="100000" />
      <param name="mergeFactor" value="10" />
      <param name="maxFieldLength" value="10000" />
      <param name="bufferSize" value="10" />
      <param name="cacheSize" value="1000" />
      <param name="forceConsistencyCheck" value="false" />
      <param name="autoRepair" value="true" />
      <param name="analyzer" value="org.apache.lucene.analysis.standard.StandardAnalyzer" />
      <param name="queryClass" value="org.apache.jackrabbit.core.query.QueryImpl" />
      <param name="respectDocumentOrder" value="true" />
      <param name="resultFetchSize" value="2147483647" />
      <param name="extractorPoolSize" value="3" />
      <param name="extractorTimeout" value="100" />
      <param name="extractorBackLogSize" value="100" />
    </SearchIndex>
  </Workspace>
  <Versioning rootPath="${rep.home}/version">
    <FileSystem class="org.apache.jackrabbit.core.fs.local.LocalFileSystem">
      <param name="path" value="${rep.home}/workspaces/version" />
    </FileSystem>
    <PersistenceManager class="org.apache.jackrabbit.core.state.mem.InMemPersistenceManager">
      <param name="initialCapacity" value="100000" />
      <param name="loadFactor" value="0.3" />
      <param name="persistent" value="false" />
    </PersistenceManager>
  </Versioning>
</Repository>
