<?xml version="1.0" encoding="UTF-8"?>
<!DOCTYPE Repository PUBLIC "-//The Apache Software Foundation//DTD Jackrabbit 1.2//EN" "http://jackrabbit.apache.org/dtd/repository-1.2.dtd">
<!--
  
  Warning, jackrabbit 1.2.2 doesn't include a ready to use ddl for mysql clustering,
  see https://issues.apache.org/jira/browse/JCR-749
  
-->
<Repository>
  <FileSystem class="org.apache.jackrabbit.core.fs.local.LocalFileSystem">
    <param name="path" value="${rep.home}/repository" />
  </FileSystem>
  <Security appName="Jackrabbit">
    <AccessManager class="org.apache.jackrabbit.core.security.SimpleAccessManager"></AccessManager>
    <LoginModule class="org.apache.jackrabbit.core.security.SimpleLoginModule">
      <param name="anonymousId" value="anonymous" />
    </LoginModule>
  </Security>
  <Workspaces rootPath="${rep.home}/workspaces" defaultWorkspace="default" />
  <Workspace name="default">
    <FileSystem class="org.apache.jackrabbit.core.fs.local.LocalFileSystem">
      <param name="path" value="${wsp.home}/default" />
    </FileSystem>
    <PersistenceManager class="org.apache.jackrabbit.core.persistence.db.SimpleDbPersistenceManager">
      <param name="driver" value="com.mysql.jdbc.Driver" />
      <param name="url" value="jdbc:mysql://localhost:3306/magnolia" />
      <param name="schema" value="mysql" /><!-- warning, this is not the schema name, it's the db type -->
      <param name="user" value="user" />
      <param name="password" value="pwd" />
      <param name="schemaObjectPrefix" value="${wsp.name}_" />
      <param name="externalBLOBs" value="false" />
    </PersistenceManager>
    <SearchIndex class="org.apache.jackrabbit.core.query.lucene.SearchIndex">
      <param name="textFilterClasses"
        value="org.apache.jackrabbit.core.query.MsExcelTextFilter,org.apache.jackrabbit.core.query.MsPowerPointTextFilter,org.apache.jackrabbit.core.query.MsWordTextFilter,org.apache.jackrabbit.core.query.PdfTextFilter,org.apache.jackrabbit.core.query.HTMLTextFilter,org.apache.jackrabbit.core.query.XMLTextFilter,org.apache.jackrabbit.core.query.RTFTextFilter" />
      <param name="path" value="${wsp.home}/index" />
      <param name="useCompoundFile" value="true" />
      <param name="minMergeDocs" value="100" />
      <param name="volatileIdleTime" value="3" />
      <param name="maxMergeDocs" value="100000" />
      <param name="mergeFactor" value="10" />
      <param name="bufferSize" value="10" />
    </SearchIndex>
  </Workspace>
  <Versioning rootPath="${rep.home}/version">
    <FileSystem class="org.apache.jackrabbit.core.fs.local.LocalFileSystem">
      <param name="path" value="${rep.home}/workspaces/version" />
    </FileSystem>
    <PersistenceManager class="org.apache.jackrabbit.core.persistence.db.SimpleDbPersistenceManager">
      <param name="driver" value="com.mysql.jdbc.Driver" />
      <param name="url" value="jdbc:mysql://localhost:3306/magnolia" />
      <param name="schema" value="mysql" /><!-- warning, this is not the schema name, it's the db type -->
      <param name="user" value="user" />
      <param name="password" value="pwd" />
      <param name="schemaObjectPrefix" value="version_" />
      <param name="externalBLOBs" value="false" />
    </PersistenceManager>
  </Versioning>
  <Cluster id="magnolia-node1" syncDelay="10">
    <Journal class="org.apache.jackrabbit.core.journal.DatabaseJournal">
      <param name="driver" value="com.mysql.jdbc.Driver" />
      <param name="schema" value="mysql" />
      <param name="url" value="jdbc:mysql://localhost:3306/magnolia" />
      <param name="user" value="user" />
      <param name="password" value="pwd" />
      <param name="schemaObjectPrefix" value="cluster_" />
      <!--
      revision is either the name of the revision file or the complete path to the file.
      Please note: you must change the name of the revision if multiple nodes of
      the same cluster reside under single servlet container.
      -->
      <param name="revision" value="revision" />
    </Journal>
  </Cluster>
</Repository>
